[
  {
    "name": "Process Start",
    "start": 1671520204851,
    "end": 1671520206734,
    "duration": 1883,
    "pid": 78968,
    "index": 0
  },
  {
    "name": "Application Start",
    "start": 1671520206739,
    "end": 1671520207802,
    "duration": 1063,
    "pid": 78968,
    "index": 1
  },
  {
    "name": "Load Plugin",
    "start": 1671520206747,
    "end": 1671520206760,
    "duration": 13,
    "pid": 78968,
    "index": 2
  },
  {
    "name": "Load Config",
    "start": 1671520206760,
    "end": 1671520206780,
    "duration": 20,
    "pid": 78968,
    "index": 3
  },
  {
    "name": "Require(0) config/config.default.js",
    "start": 1671520206760,
    "end": 1671520206761,
    "duration": 1,
    "pid": 78968,
    "index": 4
  },
  {
    "name": "Require(1) node_modules/egg-session/config/config.default.js",
    "start": 1671520206762,
    "end": 1671520206762,
    "duration": 0,
    "pid": 78968,
    "index": 5
  },
  {
    "name": "Require(2) node_modules/egg-security/config/config.default.js",
    "start": 1671520206763,
    "end": 1671520206763,
    "duration": 0,
    "pid": 78968,
    "index": 6
  },
  {
    "name": "Require(3) node_modules/egg-jsonp/config/config.default.js",
    "start": 1671520206764,
    "end": 1671520206764,
    "duration": 0,
    "pid": 78968,
    "index": 7
  },
  {
    "name": "Require(4) node_modules/egg-onerror/config/config.default.js",
    "start": 1671520206765,
    "end": 1671520206765,
    "duration": 0,
    "pid": 78968,
    "index": 8
  },
  {
    "name": "Require(5) node_modules/egg-i18n/config/config.default.js",
    "start": 1671520206766,
    "end": 1671520206766,
    "duration": 0,
    "pid": 78968,
    "index": 9
  },
  {
    "name": "Require(6) node_modules/egg-watcher/config/config.default.js",
    "start": 1671520206767,
    "end": 1671520206767,
    "duration": 0,
    "pid": 78968,
    "index": 10
  },
  {
    "name": "Require(7) node_modules/egg-schedule/config/config.default.js",
    "start": 1671520206768,
    "end": 1671520206770,
    "duration": 2,
    "pid": 78968,
    "index": 11
  },
  {
    "name": "Require(8) node_modules/egg-multipart/config/config.default.js",
    "start": 1671520206770,
    "end": 1671520206771,
    "duration": 1,
    "pid": 78968,
    "index": 12
  },
  {
    "name": "Require(9) node_modules/egg-development/config/config.default.js",
    "start": 1671520206771,
    "end": 1671520206772,
    "duration": 1,
    "pid": 78968,
    "index": 13
  },
  {
    "name": "Require(10) node_modules/egg-logrotator/config/config.default.js",
    "start": 1671520206772,
    "end": 1671520206772,
    "duration": 0,
    "pid": 78968,
    "index": 14
  },
  {
    "name": "Require(11) node_modules/egg-static/config/config.default.js",
    "start": 1671520206773,
    "end": 1671520206773,
    "duration": 0,
    "pid": 78968,
    "index": 15
  },
  {
    "name": "Require(12) node_modules/egg-view/config/config.default.js",
    "start": 1671520206773,
    "end": 1671520206774,
    "duration": 1,
    "pid": 78968,
    "index": 16
  },
  {
    "name": "Require(13) node_modules/egg/config/config.default.js",
    "start": 1671520206774,
    "end": 1671520206775,
    "duration": 1,
    "pid": 78968,
    "index": 17
  },
  {
    "name": "Require(14) config/config.default.js",
    "start": 1671520206776,
    "end": 1671520206776,
    "duration": 0,
    "pid": 78968,
    "index": 18
  },
  {
    "name": "Require(15) node_modules/egg-security/config/config.local.js",
    "start": 1671520206777,
    "end": 1671520206777,
    "duration": 0,
    "pid": 78968,
    "index": 19
  },
  {
    "name": "Require(16) node_modules/egg-watcher/config/config.local.js",
    "start": 1671520206777,
    "end": 1671520206778,
    "duration": 1,
    "pid": 78968,
    "index": 20
  },
  {
    "name": "Require(17) node_modules/egg-view/config/config.local.js",
    "start": 1671520206778,
    "end": 1671520206779,
    "duration": 1,
    "pid": 78968,
    "index": 21
  },
  {
    "name": "Require(18) node_modules/egg/config/config.local.js",
    "start": 1671520206779,
    "end": 1671520206780,
    "duration": 1,
    "pid": 78968,
    "index": 22
  },
  {
    "name": "Load extend/application.js",
    "start": 1671520206781,
    "end": 1671520206800,
    "duration": 19,
    "pid": 78968,
    "index": 23
  },
  {
    "name": "Require(19) node_modules/egg-session/app/extend/application.js",
    "start": 1671520206782,
    "end": 1671520206782,
    "duration": 0,
    "pid": 78968,
    "index": 24
  },
  {
    "name": "Require(20) node_modules/egg-security/app/extend/application.js",
    "start": 1671520206782,
    "end": 1671520206784,
    "duration": 2,
    "pid": 78968,
    "index": 25
  },
  {
    "name": "Require(21) node_modules/egg-jsonp/app/extend/application.js",
    "start": 1671520206784,
    "end": 1671520206793,
    "duration": 9,
    "pid": 78968,
    "index": 26
  },
  {
    "name": "Require(22) node_modules/egg-schedule/app/extend/application.js",
    "start": 1671520206793,
    "end": 1671520206795,
    "duration": 2,
    "pid": 78968,
    "index": 27
  },
  {
    "name": "Require(23) node_modules/egg-logrotator/app/extend/application.js",
    "start": 1671520206795,
    "end": 1671520206797,
    "duration": 2,
    "pid": 78968,
    "index": 28
  },
  {
    "name": "Require(24) node_modules/egg-view/app/extend/application.js",
    "start": 1671520206797,
    "end": 1671520206799,
    "duration": 2,
    "pid": 78968,
    "index": 29
  },
  {
    "name": "Load extend/request.js",
    "start": 1671520206800,
    "end": 1671520206804,
    "duration": 4,
    "pid": 78968,
    "index": 30
  },
  {
    "name": "Require(25) node_modules/egg/app/extend/request.js",
    "start": 1671520206800,
    "end": 1671520206802,
    "duration": 2,
    "pid": 78968,
    "index": 31
  },
  {
    "name": "Load extend/response.js",
    "start": 1671520206804,
    "end": 1671520206807,
    "duration": 3,
    "pid": 78968,
    "index": 32
  },
  {
    "name": "Require(26) node_modules/egg/app/extend/response.js",
    "start": 1671520206805,
    "end": 1671520206806,
    "duration": 1,
    "pid": 78968,
    "index": 33
  },
  {
    "name": "Load extend/context.js",
    "start": 1671520206807,
    "end": 1671520206900,
    "duration": 93,
    "pid": 78968,
    "index": 34
  },
  {
    "name": "Require(27) node_modules/egg-security/app/extend/context.js",
    "start": 1671520206807,
    "end": 1671520206817,
    "duration": 10,
    "pid": 78968,
    "index": 35
  },
  {
    "name": "Require(28) node_modules/egg-jsonp/app/extend/context.js",
    "start": 1671520206817,
    "end": 1671520206820,
    "duration": 3,
    "pid": 78968,
    "index": 36
  },
  {
    "name": "Require(29) node_modules/egg-i18n/app/extend/context.js",
    "start": 1671520206821,
    "end": 1671520206821,
    "duration": 0,
    "pid": 78968,
    "index": 37
  },
  {
    "name": "Require(30) node_modules/egg-multipart/app/extend/context.js",
    "start": 1671520206821,
    "end": 1671520206896,
    "duration": 75,
    "pid": 78968,
    "index": 38
  },
  {
    "name": "Require(31) node_modules/egg-view/app/extend/context.js",
    "start": 1671520206897,
    "end": 1671520206898,
    "duration": 1,
    "pid": 78968,
    "index": 39
  },
  {
    "name": "Require(32) node_modules/egg/app/extend/context.js",
    "start": 1671520206898,
    "end": 1671520206900,
    "duration": 2,
    "pid": 78968,
    "index": 40
  },
  {
    "name": "Load extend/helper.js",
    "start": 1671520206900,
    "end": 1671520206928,
    "duration": 28,
    "pid": 78968,
    "index": 41
  },
  {
    "name": "Require(33) node_modules/egg-security/app/extend/helper.js",
    "start": 1671520206901,
    "end": 1671520206925,
    "duration": 24,
    "pid": 78968,
    "index": 42
  },
  {
    "name": "Require(34) node_modules/egg/app/extend/helper.js",
    "start": 1671520206926,
    "end": 1671520206927,
    "duration": 1,
    "pid": 78968,
    "index": 43
  },
  {
    "name": "Load app.js",
    "start": 1671520206928,
    "end": 1671520206980,
    "duration": 52,
    "pid": 78968,
    "index": 44
  },
  {
    "name": "Require(35) node_modules/egg-session/app.js",
    "start": 1671520206929,
    "end": 1671520206930,
    "duration": 1,
    "pid": 78968,
    "index": 45
  },
  {
    "name": "Require(36) node_modules/egg-security/app.js",
    "start": 1671520206930,
    "end": 1671520206931,
    "duration": 1,
    "pid": 78968,
    "index": 46
  },
  {
    "name": "Require(37) node_modules/egg-onerror/app.js",
    "start": 1671520206931,
    "end": 1671520206949,
    "duration": 18,
    "pid": 78968,
    "index": 47
  },
  {
    "name": "Require(38) node_modules/egg-i18n/app.js",
    "start": 1671520206949,
    "end": 1671520206971,
    "duration": 22,
    "pid": 78968,
    "index": 48
  },
  {
    "name": "Require(39) node_modules/egg-watcher/app.js",
    "start": 1671520206971,
    "end": 1671520206975,
    "duration": 4,
    "pid": 78968,
    "index": 49
  },
  {
    "name": "Require(40) node_modules/egg-schedule/app.js",
    "start": 1671520206975,
    "end": 1671520206977,
    "duration": 2,
    "pid": 78968,
    "index": 50
  },
  {
    "name": "Require(41) node_modules/egg-multipart/app.js",
    "start": 1671520206977,
    "end": 1671520206978,
    "duration": 1,
    "pid": 78968,
    "index": 51
  },
  {
    "name": "Require(42) node_modules/egg-development/app.js",
    "start": 1671520206978,
    "end": 1671520206978,
    "duration": 0,
    "pid": 78968,
    "index": 52
  },
  {
    "name": "Require(43) node_modules/egg-logrotator/app.js",
    "start": 1671520206978,
    "end": 1671520206979,
    "duration": 1,
    "pid": 78968,
    "index": 53
  },
  {
    "name": "Require(44) node_modules/egg-static/app.js",
    "start": 1671520206979,
    "end": 1671520206980,
    "duration": 1,
    "pid": 78968,
    "index": 54
  },
  {
    "name": "Before Start in node_modules/egg-watcher/lib/init.js:15:14",
    "start": 1671520206993,
    "end": 1671520207801,
    "duration": 808,
    "pid": 78968,
    "index": 55
  },
  {
    "name": "Load Service",
    "start": 1671520207023,
    "end": 1671520207029,
    "duration": 6,
    "pid": 78968,
    "index": 56
  },
  {
    "name": "Load \"service\" to Context",
    "start": 1671520207023,
    "end": 1671520207029,
    "duration": 6,
    "pid": 78968,
    "index": 57
  },
  {
    "name": "Load Middleware",
    "start": 1671520207029,
    "end": 1671520207169,
    "duration": 140,
    "pid": 78968,
    "index": 58
  },
  {
    "name": "Load \"middlewares\" to Application",
    "start": 1671520207029,
    "end": 1671520207155,
    "duration": 126,
    "pid": 78968,
    "index": 59
  },
  {
    "name": "Load Controller",
    "start": 1671520207169,
    "end": 1671520207782,
    "duration": 613,
    "pid": 78968,
    "index": 60
  },
  {
    "name": "Load \"controller\" to Application",
    "start": 1671520207169,
    "end": 1671520207782,
    "duration": 613,
    "pid": 78968,
    "index": 61
  },
  {
    "name": "Load Router",
    "start": 1671520207782,
    "end": 1671520207784,
    "duration": 2,
    "pid": 78968,
    "index": 62
  },
  {
    "name": "Require(45) app/router.js",
    "start": 1671520207782,
    "end": 1671520207783,
    "duration": 1,
    "pid": 78968,
    "index": 63
  },
  {
    "name": "Before Start in node_modules/egg-core/lib/egg.js:303:10",
    "start": 1671520207783,
    "end": 1671520207793,
    "duration": 10,
    "pid": 78968,
    "index": 64
  }
]