[
  {
    "name": "Process Start",
    "start": 1671519879012,
    "end": 1671519879881,
    "duration": 869,
    "pid": 78794,
    "index": 0
  },
  {
    "name": "Application Start",
    "start": 1671519879881,
    "end": 1671519881439,
    "duration": 1558,
    "pid": 78794,
    "index": 1
  },
  {
    "name": "Load Plugin",
    "start": 1671519879885,
    "end": 1671519879893,
    "duration": 8,
    "pid": 78794,
    "index": 2
  },
  {
    "name": "Load Config",
    "start": 1671519879893,
    "end": 1671519880059,
    "duration": 166,
    "pid": 78794,
    "index": 3
  },
  {
    "name": "Require(0) config/config.default.js",
    "start": 1671519879894,
    "end": 1671519879894,
    "duration": 0,
    "pid": 78794,
    "index": 4
  },
  {
    "name": "Require(1) node_modules/egg-session/config/config.default.js",
    "start": 1671519879896,
    "end": 1671519879941,
    "duration": 45,
    "pid": 78794,
    "index": 5
  },
  {
    "name": "Require(2) node_modules/egg-security/config/config.default.js",
    "start": 1671519879942,
    "end": 1671519879942,
    "duration": 0,
    "pid": 78794,
    "index": 6
  },
  {
    "name": "Require(3) node_modules/egg-jsonp/config/config.default.js",
    "start": 1671519879951,
    "end": 1671519879952,
    "duration": 1,
    "pid": 78794,
    "index": 7
  },
  {
    "name": "Require(4) node_modules/egg-onerror/config/config.default.js",
    "start": 1671519879952,
    "end": 1671519879952,
    "duration": 0,
    "pid": 78794,
    "index": 8
  },
  {
    "name": "Require(5) node_modules/egg-i18n/config/config.default.js",
    "start": 1671519879952,
    "end": 1671519879953,
    "duration": 1,
    "pid": 78794,
    "index": 9
  },
  {
    "name": "Require(6) node_modules/egg-watcher/config/config.default.js",
    "start": 1671519879953,
    "end": 1671519879954,
    "duration": 1,
    "pid": 78794,
    "index": 10
  },
  {
    "name": "Require(7) node_modules/egg-schedule/config/config.default.js",
    "start": 1671519879954,
    "end": 1671519879981,
    "duration": 27,
    "pid": 78794,
    "index": 11
  },
  {
    "name": "Require(8) node_modules/egg-multipart/config/config.default.js",
    "start": 1671519879982,
    "end": 1671519879982,
    "duration": 0,
    "pid": 78794,
    "index": 12
  },
  {
    "name": "Require(9) node_modules/egg-development/config/config.default.js",
    "start": 1671519879983,
    "end": 1671519879983,
    "duration": 0,
    "pid": 78794,
    "index": 13
  },
  {
    "name": "Require(10) node_modules/egg-logrotator/config/config.default.js",
    "start": 1671519879983,
    "end": 1671519879984,
    "duration": 1,
    "pid": 78794,
    "index": 14
  },
  {
    "name": "Require(11) node_modules/egg-static/config/config.default.js",
    "start": 1671519880000,
    "end": 1671519880002,
    "duration": 2,
    "pid": 78794,
    "index": 15
  },
  {
    "name": "Require(12) node_modules/egg-view/config/config.default.js",
    "start": 1671519880009,
    "end": 1671519880012,
    "duration": 3,
    "pid": 78794,
    "index": 16
  },
  {
    "name": "Require(13) node_modules/egg/config/config.default.js",
    "start": 1671519880013,
    "end": 1671519880013,
    "duration": 0,
    "pid": 78794,
    "index": 17
  },
  {
    "name": "Require(14) config/config.default.js",
    "start": 1671519880020,
    "end": 1671519880020,
    "duration": 0,
    "pid": 78794,
    "index": 18
  },
  {
    "name": "Require(15) node_modules/egg-security/config/config.local.js",
    "start": 1671519880023,
    "end": 1671519880024,
    "duration": 1,
    "pid": 78794,
    "index": 19
  },
  {
    "name": "Require(16) node_modules/egg-watcher/config/config.local.js",
    "start": 1671519880028,
    "end": 1671519880046,
    "duration": 18,
    "pid": 78794,
    "index": 20
  },
  {
    "name": "Require(17) node_modules/egg-view/config/config.local.js",
    "start": 1671519880047,
    "end": 1671519880049,
    "duration": 2,
    "pid": 78794,
    "index": 21
  },
  {
    "name": "Require(18) node_modules/egg/config/config.local.js",
    "start": 1671519880058,
    "end": 1671519880059,
    "duration": 1,
    "pid": 78794,
    "index": 22
  },
  {
    "name": "Load extend/application.js",
    "start": 1671519880061,
    "end": 1671519880121,
    "duration": 60,
    "pid": 78794,
    "index": 23
  },
  {
    "name": "Require(19) node_modules/egg-session/app/extend/application.js",
    "start": 1671519880069,
    "end": 1671519880071,
    "duration": 2,
    "pid": 78794,
    "index": 24
  },
  {
    "name": "Require(20) node_modules/egg-security/app/extend/application.js",
    "start": 1671519880072,
    "end": 1671519880073,
    "duration": 1,
    "pid": 78794,
    "index": 25
  },
  {
    "name": "Require(21) node_modules/egg-jsonp/app/extend/application.js",
    "start": 1671519880073,
    "end": 1671519880075,
    "duration": 2,
    "pid": 78794,
    "index": 26
  },
  {
    "name": "Require(22) node_modules/egg-schedule/app/extend/application.js",
    "start": 1671519880075,
    "end": 1671519880113,
    "duration": 38,
    "pid": 78794,
    "index": 27
  },
  {
    "name": "Require(23) node_modules/egg-logrotator/app/extend/application.js",
    "start": 1671519880113,
    "end": 1671519880116,
    "duration": 3,
    "pid": 78794,
    "index": 28
  },
  {
    "name": "Require(24) node_modules/egg-view/app/extend/application.js",
    "start": 1671519880116,
    "end": 1671519880119,
    "duration": 3,
    "pid": 78794,
    "index": 29
  },
  {
    "name": "Load extend/request.js",
    "start": 1671519880121,
    "end": 1671519880124,
    "duration": 3,
    "pid": 78794,
    "index": 30
  },
  {
    "name": "Require(25) node_modules/egg/app/extend/request.js",
    "start": 1671519880122,
    "end": 1671519880123,
    "duration": 1,
    "pid": 78794,
    "index": 31
  },
  {
    "name": "Load extend/response.js",
    "start": 1671519880124,
    "end": 1671519880131,
    "duration": 7,
    "pid": 78794,
    "index": 32
  },
  {
    "name": "Require(26) node_modules/egg/app/extend/response.js",
    "start": 1671519880125,
    "end": 1671519880129,
    "duration": 4,
    "pid": 78794,
    "index": 33
  },
  {
    "name": "Load extend/context.js",
    "start": 1671519880131,
    "end": 1671519880206,
    "duration": 75,
    "pid": 78794,
    "index": 34
  },
  {
    "name": "Require(27) node_modules/egg-security/app/extend/context.js",
    "start": 1671519880131,
    "end": 1671519880136,
    "duration": 5,
    "pid": 78794,
    "index": 35
  },
  {
    "name": "Require(28) node_modules/egg-jsonp/app/extend/context.js",
    "start": 1671519880136,
    "end": 1671519880137,
    "duration": 1,
    "pid": 78794,
    "index": 36
  },
  {
    "name": "Require(29) node_modules/egg-i18n/app/extend/context.js",
    "start": 1671519880137,
    "end": 1671519880137,
    "duration": 0,
    "pid": 78794,
    "index": 37
  },
  {
    "name": "Require(30) node_modules/egg-multipart/app/extend/context.js",
    "start": 1671519880138,
    "end": 1671519880199,
    "duration": 61,
    "pid": 78794,
    "index": 38
  },
  {
    "name": "Require(31) node_modules/egg-view/app/extend/context.js",
    "start": 1671519880200,
    "end": 1671519880201,
    "duration": 1,
    "pid": 78794,
    "index": 39
  },
  {
    "name": "Require(32) node_modules/egg/app/extend/context.js",
    "start": 1671519880201,
    "end": 1671519880204,
    "duration": 3,
    "pid": 78794,
    "index": 40
  },
  {
    "name": "Load extend/helper.js",
    "start": 1671519880206,
    "end": 1671519880244,
    "duration": 38,
    "pid": 78794,
    "index": 41
  },
  {
    "name": "Require(33) node_modules/egg-security/app/extend/helper.js",
    "start": 1671519880207,
    "end": 1671519880241,
    "duration": 34,
    "pid": 78794,
    "index": 42
  },
  {
    "name": "Require(34) node_modules/egg/app/extend/helper.js",
    "start": 1671519880242,
    "end": 1671519880243,
    "duration": 1,
    "pid": 78794,
    "index": 43
  },
  {
    "name": "Load app.js",
    "start": 1671519880244,
    "end": 1671519880585,
    "duration": 341,
    "pid": 78794,
    "index": 44
  },
  {
    "name": "Require(35) node_modules/egg-session/app.js",
    "start": 1671519880247,
    "end": 1671519880253,
    "duration": 6,
    "pid": 78794,
    "index": 45
  },
  {
    "name": "Require(36) node_modules/egg-security/app.js",
    "start": 1671519880254,
    "end": 1671519880255,
    "duration": 1,
    "pid": 78794,
    "index": 46
  },
  {
    "name": "Require(37) node_modules/egg-onerror/app.js",
    "start": 1671519880256,
    "end": 1671519880532,
    "duration": 276,
    "pid": 78794,
    "index": 47
  },
  {
    "name": "Require(38) node_modules/egg-i18n/app.js",
    "start": 1671519880532,
    "end": 1671519880563,
    "duration": 31,
    "pid": 78794,
    "index": 48
  },
  {
    "name": "Require(39) node_modules/egg-watcher/app.js",
    "start": 1671519880564,
    "end": 1671519880573,
    "duration": 9,
    "pid": 78794,
    "index": 49
  },
  {
    "name": "Require(40) node_modules/egg-schedule/app.js",
    "start": 1671519880573,
    "end": 1671519880575,
    "duration": 2,
    "pid": 78794,
    "index": 50
  },
  {
    "name": "Require(41) node_modules/egg-multipart/app.js",
    "start": 1671519880576,
    "end": 1671519880577,
    "duration": 1,
    "pid": 78794,
    "index": 51
  },
  {
    "name": "Require(42) node_modules/egg-development/app.js",
    "start": 1671519880577,
    "end": 1671519880578,
    "duration": 1,
    "pid": 78794,
    "index": 52
  },
  {
    "name": "Require(43) node_modules/egg-logrotator/app.js",
    "start": 1671519880578,
    "end": 1671519880579,
    "duration": 1,
    "pid": 78794,
    "index": 53
  },
  {
    "name": "Require(44) node_modules/egg-static/app.js",
    "start": 1671519880579,
    "end": 1671519880583,
    "duration": 4,
    "pid": 78794,
    "index": 54
  },
  {
    "name": "Before Start in node_modules/egg-watcher/lib/init.js:15:14",
    "start": 1671519880603,
    "end": 1671519881438,
    "duration": 835,
    "pid": 78794,
    "index": 55
  },
  {
    "name": "Load Service",
    "start": 1671519880749,
    "end": 1671519880756,
    "duration": 7,
    "pid": 78794,
    "index": 56
  },
  {
    "name": "Load \"service\" to Context",
    "start": 1671519880749,
    "end": 1671519880756,
    "duration": 7,
    "pid": 78794,
    "index": 57
  },
  {
    "name": "Load Middleware",
    "start": 1671519880756,
    "end": 1671519880962,
    "duration": 206,
    "pid": 78794,
    "index": 58
  },
  {
    "name": "Load \"middlewares\" to Application",
    "start": 1671519880756,
    "end": 1671519880946,
    "duration": 190,
    "pid": 78794,
    "index": 59
  },
  {
    "name": "Load Controller",
    "start": 1671519880962,
    "end": 1671519881414,
    "duration": 452,
    "pid": 78794,
    "index": 60
  },
  {
    "name": "Load \"controller\" to Application",
    "start": 1671519880962,
    "end": 1671519881414,
    "duration": 452,
    "pid": 78794,
    "index": 61
  },
  {
    "name": "Load Router",
    "start": 1671519881414,
    "end": 1671519881416,
    "duration": 2,
    "pid": 78794,
    "index": 62
  },
  {
    "name": "Require(45) app/router.js",
    "start": 1671519881414,
    "end": 1671519881415,
    "duration": 1,
    "pid": 78794,
    "index": 63
  },
  {
    "name": "Before Start in node_modules/egg-core/lib/egg.js:303:10",
    "start": 1671519881415,
    "end": 1671519881425,
    "duration": 10,
    "pid": 78794,
    "index": 64
  }
]