[
  {
    "name": "Process Start",
    "start": 1671520231944,
    "end": 1671520232595,
    "duration": 651,
    "pid": 78997,
    "index": 0
  },
  {
    "name": "Application Start",
    "start": 1671520232596,
    "end": 1671520232932,
    "duration": 336,
    "pid": 78997,
    "index": 1
  },
  {
    "name": "Load Plugin",
    "start": 1671520232599,
    "end": 1671520232611,
    "duration": 12,
    "pid": 78997,
    "index": 2
  },
  {
    "name": "Load Config",
    "start": 1671520232611,
    "end": 1671520232620,
    "duration": 9,
    "pid": 78997,
    "index": 3
  },
  {
    "name": "Require(0) config/config.default.js",
    "start": 1671520232611,
    "end": 1671520232611,
    "duration": 0,
    "pid": 78997,
    "index": 4
  },
  {
    "name": "Require(1) node_modules/egg-session/config/config.default.js",
    "start": 1671520232612,
    "end": 1671520232612,
    "duration": 0,
    "pid": 78997,
    "index": 5
  },
  {
    "name": "Require(2) node_modules/egg-security/config/config.default.js",
    "start": 1671520232612,
    "end": 1671520232613,
    "duration": 1,
    "pid": 78997,
    "index": 6
  },
  {
    "name": "Require(3) node_modules/egg-jsonp/config/config.default.js",
    "start": 1671520232613,
    "end": 1671520232613,
    "duration": 0,
    "pid": 78997,
    "index": 7
  },
  {
    "name": "Require(4) node_modules/egg-onerror/config/config.default.js",
    "start": 1671520232613,
    "end": 1671520232614,
    "duration": 1,
    "pid": 78997,
    "index": 8
  },
  {
    "name": "Require(5) node_modules/egg-i18n/config/config.default.js",
    "start": 1671520232614,
    "end": 1671520232614,
    "duration": 0,
    "pid": 78997,
    "index": 9
  },
  {
    "name": "Require(6) node_modules/egg-watcher/config/config.default.js",
    "start": 1671520232615,
    "end": 1671520232615,
    "duration": 0,
    "pid": 78997,
    "index": 10
  },
  {
    "name": "Require(7) node_modules/egg-schedule/config/config.default.js",
    "start": 1671520232615,
    "end": 1671520232615,
    "duration": 0,
    "pid": 78997,
    "index": 11
  },
  {
    "name": "Require(8) node_modules/egg-multipart/config/config.default.js",
    "start": 1671520232615,
    "end": 1671520232616,
    "duration": 1,
    "pid": 78997,
    "index": 12
  },
  {
    "name": "Require(9) node_modules/egg-development/config/config.default.js",
    "start": 1671520232616,
    "end": 1671520232616,
    "duration": 0,
    "pid": 78997,
    "index": 13
  },
  {
    "name": "Require(10) node_modules/egg-logrotator/config/config.default.js",
    "start": 1671520232616,
    "end": 1671520232616,
    "duration": 0,
    "pid": 78997,
    "index": 14
  },
  {
    "name": "Require(11) node_modules/egg-static/config/config.default.js",
    "start": 1671520232617,
    "end": 1671520232617,
    "duration": 0,
    "pid": 78997,
    "index": 15
  },
  {
    "name": "Require(12) node_modules/egg-view/config/config.default.js",
    "start": 1671520232617,
    "end": 1671520232617,
    "duration": 0,
    "pid": 78997,
    "index": 16
  },
  {
    "name": "Require(13) node_modules/egg/config/config.default.js",
    "start": 1671520232617,
    "end": 1671520232618,
    "duration": 1,
    "pid": 78997,
    "index": 17
  },
  {
    "name": "Require(14) config/config.default.js",
    "start": 1671520232619,
    "end": 1671520232619,
    "duration": 0,
    "pid": 78997,
    "index": 18
  },
  {
    "name": "Require(15) node_modules/egg-security/config/config.local.js",
    "start": 1671520232619,
    "end": 1671520232619,
    "duration": 0,
    "pid": 78997,
    "index": 19
  },
  {
    "name": "Require(16) node_modules/egg-watcher/config/config.local.js",
    "start": 1671520232619,
    "end": 1671520232620,
    "duration": 1,
    "pid": 78997,
    "index": 20
  },
  {
    "name": "Require(17) node_modules/egg-view/config/config.local.js",
    "start": 1671520232620,
    "end": 1671520232620,
    "duration": 0,
    "pid": 78997,
    "index": 21
  },
  {
    "name": "Require(18) node_modules/egg/config/config.local.js",
    "start": 1671520232620,
    "end": 1671520232620,
    "duration": 0,
    "pid": 78997,
    "index": 22
  },
  {
    "name": "Load extend/application.js",
    "start": 1671520232621,
    "end": 1671520232627,
    "duration": 6,
    "pid": 78997,
    "index": 23
  },
  {
    "name": "Require(19) node_modules/egg-session/app/extend/application.js",
    "start": 1671520232622,
    "end": 1671520232622,
    "duration": 0,
    "pid": 78997,
    "index": 24
  },
  {
    "name": "Require(20) node_modules/egg-security/app/extend/application.js",
    "start": 1671520232622,
    "end": 1671520232622,
    "duration": 0,
    "pid": 78997,
    "index": 25
  },
  {
    "name": "Require(21) node_modules/egg-jsonp/app/extend/application.js",
    "start": 1671520232623,
    "end": 1671520232623,
    "duration": 0,
    "pid": 78997,
    "index": 26
  },
  {
    "name": "Require(22) node_modules/egg-schedule/app/extend/application.js",
    "start": 1671520232623,
    "end": 1671520232624,
    "duration": 1,
    "pid": 78997,
    "index": 27
  },
  {
    "name": "Require(23) node_modules/egg-logrotator/app/extend/application.js",
    "start": 1671520232624,
    "end": 1671520232625,
    "duration": 1,
    "pid": 78997,
    "index": 28
  },
  {
    "name": "Require(24) node_modules/egg-view/app/extend/application.js",
    "start": 1671520232625,
    "end": 1671520232626,
    "duration": 1,
    "pid": 78997,
    "index": 29
  },
  {
    "name": "Load extend/request.js",
    "start": 1671520232627,
    "end": 1671520232629,
    "duration": 2,
    "pid": 78997,
    "index": 30
  },
  {
    "name": "Require(25) node_modules/egg/app/extend/request.js",
    "start": 1671520232627,
    "end": 1671520232628,
    "duration": 1,
    "pid": 78997,
    "index": 31
  },
  {
    "name": "Load extend/response.js",
    "start": 1671520232629,
    "end": 1671520232631,
    "duration": 2,
    "pid": 78997,
    "index": 32
  },
  {
    "name": "Require(26) node_modules/egg/app/extend/response.js",
    "start": 1671520232629,
    "end": 1671520232630,
    "duration": 1,
    "pid": 78997,
    "index": 33
  },
  {
    "name": "Load extend/context.js",
    "start": 1671520232631,
    "end": 1671520232667,
    "duration": 36,
    "pid": 78997,
    "index": 34
  },
  {
    "name": "Require(27) node_modules/egg-security/app/extend/context.js",
    "start": 1671520232631,
    "end": 1671520232634,
    "duration": 3,
    "pid": 78997,
    "index": 35
  },
  {
    "name": "Require(28) node_modules/egg-jsonp/app/extend/context.js",
    "start": 1671520232634,
    "end": 1671520232635,
    "duration": 1,
    "pid": 78997,
    "index": 36
  },
  {
    "name": "Require(29) node_modules/egg-i18n/app/extend/context.js",
    "start": 1671520232635,
    "end": 1671520232635,
    "duration": 0,
    "pid": 78997,
    "index": 37
  },
  {
    "name": "Require(30) node_modules/egg-multipart/app/extend/context.js",
    "start": 1671520232636,
    "end": 1671520232664,
    "duration": 28,
    "pid": 78997,
    "index": 38
  },
  {
    "name": "Require(31) node_modules/egg-view/app/extend/context.js",
    "start": 1671520232665,
    "end": 1671520232665,
    "duration": 0,
    "pid": 78997,
    "index": 39
  },
  {
    "name": "Require(32) node_modules/egg/app/extend/context.js",
    "start": 1671520232665,
    "end": 1671520232666,
    "duration": 1,
    "pid": 78997,
    "index": 40
  },
  {
    "name": "Load extend/helper.js",
    "start": 1671520232667,
    "end": 1671520232676,
    "duration": 9,
    "pid": 78997,
    "index": 41
  },
  {
    "name": "Require(33) node_modules/egg-security/app/extend/helper.js",
    "start": 1671520232667,
    "end": 1671520232674,
    "duration": 7,
    "pid": 78997,
    "index": 42
  },
  {
    "name": "Require(34) node_modules/egg/app/extend/helper.js",
    "start": 1671520232675,
    "end": 1671520232675,
    "duration": 0,
    "pid": 78997,
    "index": 43
  },
  {
    "name": "Load app.js",
    "start": 1671520232676,
    "end": 1671520232692,
    "duration": 16,
    "pid": 78997,
    "index": 44
  },
  {
    "name": "Require(35) node_modules/egg-session/app.js",
    "start": 1671520232677,
    "end": 1671520232677,
    "duration": 0,
    "pid": 78997,
    "index": 45
  },
  {
    "name": "Require(36) node_modules/egg-security/app.js",
    "start": 1671520232677,
    "end": 1671520232678,
    "duration": 1,
    "pid": 78997,
    "index": 46
  },
  {
    "name": "Require(37) node_modules/egg-onerror/app.js",
    "start": 1671520232678,
    "end": 1671520232682,
    "duration": 4,
    "pid": 78997,
    "index": 47
  },
  {
    "name": "Require(38) node_modules/egg-i18n/app.js",
    "start": 1671520232682,
    "end": 1671520232688,
    "duration": 6,
    "pid": 78997,
    "index": 48
  },
  {
    "name": "Require(39) node_modules/egg-watcher/app.js",
    "start": 1671520232688,
    "end": 1671520232689,
    "duration": 1,
    "pid": 78997,
    "index": 49
  },
  {
    "name": "Require(40) node_modules/egg-schedule/app.js",
    "start": 1671520232690,
    "end": 1671520232690,
    "duration": 0,
    "pid": 78997,
    "index": 50
  },
  {
    "name": "Require(41) node_modules/egg-multipart/app.js",
    "start": 1671520232690,
    "end": 1671520232690,
    "duration": 0,
    "pid": 78997,
    "index": 51
  },
  {
    "name": "Require(42) node_modules/egg-development/app.js",
    "start": 1671520232690,
    "end": 1671520232691,
    "duration": 1,
    "pid": 78997,
    "index": 52
  },
  {
    "name": "Require(43) node_modules/egg-logrotator/app.js",
    "start": 1671520232691,
    "end": 1671520232691,
    "duration": 0,
    "pid": 78997,
    "index": 53
  },
  {
    "name": "Require(44) node_modules/egg-static/app.js",
    "start": 1671520232691,
    "end": 1671520232691,
    "duration": 0,
    "pid": 78997,
    "index": 54
  },
  {
    "name": "Before Start in node_modules/egg-watcher/lib/init.js:15:14",
    "start": 1671520232697,
    "end": 1671520232931,
    "duration": 234,
    "pid": 78997,
    "index": 55
  },
  {
    "name": "Load Service",
    "start": 1671520232717,
    "end": 1671520232721,
    "duration": 4,
    "pid": 78997,
    "index": 56
  },
  {
    "name": "Load \"service\" to Context",
    "start": 1671520232717,
    "end": 1671520232721,
    "duration": 4,
    "pid": 78997,
    "index": 57
  },
  {
    "name": "Load Middleware",
    "start": 1671520232721,
    "end": 1671520232778,
    "duration": 57,
    "pid": 78997,
    "index": 58
  },
  {
    "name": "Load \"middlewares\" to Application",
    "start": 1671520232721,
    "end": 1671520232767,
    "duration": 46,
    "pid": 78997,
    "index": 59
  },
  {
    "name": "Load Controller",
    "start": 1671520232778,
    "end": 1671520232915,
    "duration": 137,
    "pid": 78997,
    "index": 60
  },
  {
    "name": "Load \"controller\" to Application",
    "start": 1671520232778,
    "end": 1671520232915,
    "duration": 137,
    "pid": 78997,
    "index": 61
  },
  {
    "name": "Load Router",
    "start": 1671520232915,
    "end": 1671520232917,
    "duration": 2,
    "pid": 78997,
    "index": 62
  },
  {
    "name": "Require(45) app/router.js",
    "start": 1671520232915,
    "end": 1671520232916,
    "duration": 1,
    "pid": 78997,
    "index": 63
  },
  {
    "name": "Before Start in node_modules/egg-core/lib/egg.js:303:10",
    "start": 1671520232916,
    "end": 1671520232923,
    "duration": 7,
    "pid": 78997,
    "index": 64
  }
]