[
  {
    "name": "Process Start",
    "start": 1671520264746,
    "end": 1671520265452,
    "duration": 706,
    "pid": 79013,
    "index": 0
  },
  {
    "name": "Application Start",
    "start": 1671520265453,
    "end": 1671520265825,
    "duration": 372,
    "pid": 79013,
    "index": 1
  },
  {
    "name": "Load Plugin",
    "start": 1671520265457,
    "end": 1671520265469,
    "duration": 12,
    "pid": 79013,
    "index": 2
  },
  {
    "name": "Load Config",
    "start": 1671520265469,
    "end": 1671520265479,
    "duration": 10,
    "pid": 79013,
    "index": 3
  },
  {
    "name": "Require(0) config/config.default.js",
    "start": 1671520265470,
    "end": 1671520265470,
    "duration": 0,
    "pid": 79013,
    "index": 4
  },
  {
    "name": "Require(1) node_modules/egg-session/config/config.default.js",
    "start": 1671520265471,
    "end": 1671520265471,
    "duration": 0,
    "pid": 79013,
    "index": 5
  },
  {
    "name": "Require(2) node_modules/egg-security/config/config.default.js",
    "start": 1671520265471,
    "end": 1671520265471,
    "duration": 0,
    "pid": 79013,
    "index": 6
  },
  {
    "name": "Require(3) node_modules/egg-jsonp/config/config.default.js",
    "start": 1671520265472,
    "end": 1671520265472,
    "duration": 0,
    "pid": 79013,
    "index": 7
  },
  {
    "name": "Require(4) node_modules/egg-onerror/config/config.default.js",
    "start": 1671520265472,
    "end": 1671520265472,
    "duration": 0,
    "pid": 79013,
    "index": 8
  },
  {
    "name": "Require(5) node_modules/egg-i18n/config/config.default.js",
    "start": 1671520265472,
    "end": 1671520265473,
    "duration": 1,
    "pid": 79013,
    "index": 9
  },
  {
    "name": "Require(6) node_modules/egg-watcher/config/config.default.js",
    "start": 1671520265473,
    "end": 1671520265473,
    "duration": 0,
    "pid": 79013,
    "index": 10
  },
  {
    "name": "Require(7) node_modules/egg-schedule/config/config.default.js",
    "start": 1671520265473,
    "end": 1671520265474,
    "duration": 1,
    "pid": 79013,
    "index": 11
  },
  {
    "name": "Require(8) node_modules/egg-multipart/config/config.default.js",
    "start": 1671520265474,
    "end": 1671520265474,
    "duration": 0,
    "pid": 79013,
    "index": 12
  },
  {
    "name": "Require(9) node_modules/egg-development/config/config.default.js",
    "start": 1671520265474,
    "end": 1671520265475,
    "duration": 1,
    "pid": 79013,
    "index": 13
  },
  {
    "name": "Require(10) node_modules/egg-logrotator/config/config.default.js",
    "start": 1671520265475,
    "end": 1671520265475,
    "duration": 0,
    "pid": 79013,
    "index": 14
  },
  {
    "name": "Require(11) node_modules/egg-static/config/config.default.js",
    "start": 1671520265475,
    "end": 1671520265475,
    "duration": 0,
    "pid": 79013,
    "index": 15
  },
  {
    "name": "Require(12) node_modules/egg-view/config/config.default.js",
    "start": 1671520265476,
    "end": 1671520265476,
    "duration": 0,
    "pid": 79013,
    "index": 16
  },
  {
    "name": "Require(13) node_modules/egg/config/config.default.js",
    "start": 1671520265476,
    "end": 1671520265476,
    "duration": 0,
    "pid": 79013,
    "index": 17
  },
  {
    "name": "Require(14) config/config.default.js",
    "start": 1671520265477,
    "end": 1671520265477,
    "duration": 0,
    "pid": 79013,
    "index": 18
  },
  {
    "name": "Require(15) node_modules/egg-security/config/config.local.js",
    "start": 1671520265477,
    "end": 1671520265477,
    "duration": 0,
    "pid": 79013,
    "index": 19
  },
  {
    "name": "Require(16) node_modules/egg-watcher/config/config.local.js",
    "start": 1671520265478,
    "end": 1671520265478,
    "duration": 0,
    "pid": 79013,
    "index": 20
  },
  {
    "name": "Require(17) node_modules/egg-view/config/config.local.js",
    "start": 1671520265478,
    "end": 1671520265478,
    "duration": 0,
    "pid": 79013,
    "index": 21
  },
  {
    "name": "Require(18) node_modules/egg/config/config.local.js",
    "start": 1671520265479,
    "end": 1671520265479,
    "duration": 0,
    "pid": 79013,
    "index": 22
  },
  {
    "name": "Load extend/application.js",
    "start": 1671520265480,
    "end": 1671520265485,
    "duration": 5,
    "pid": 79013,
    "index": 23
  },
  {
    "name": "Require(19) node_modules/egg-session/app/extend/application.js",
    "start": 1671520265480,
    "end": 1671520265480,
    "duration": 0,
    "pid": 79013,
    "index": 24
  },
  {
    "name": "Require(20) node_modules/egg-security/app/extend/application.js",
    "start": 1671520265480,
    "end": 1671520265481,
    "duration": 1,
    "pid": 79013,
    "index": 25
  },
  {
    "name": "Require(21) node_modules/egg-jsonp/app/extend/application.js",
    "start": 1671520265481,
    "end": 1671520265482,
    "duration": 1,
    "pid": 79013,
    "index": 26
  },
  {
    "name": "Require(22) node_modules/egg-schedule/app/extend/application.js",
    "start": 1671520265482,
    "end": 1671520265483,
    "duration": 1,
    "pid": 79013,
    "index": 27
  },
  {
    "name": "Require(23) node_modules/egg-logrotator/app/extend/application.js",
    "start": 1671520265483,
    "end": 1671520265484,
    "duration": 1,
    "pid": 79013,
    "index": 28
  },
  {
    "name": "Require(24) node_modules/egg-view/app/extend/application.js",
    "start": 1671520265484,
    "end": 1671520265484,
    "duration": 0,
    "pid": 79013,
    "index": 29
  },
  {
    "name": "Load extend/request.js",
    "start": 1671520265485,
    "end": 1671520265487,
    "duration": 2,
    "pid": 79013,
    "index": 30
  },
  {
    "name": "Require(25) node_modules/egg/app/extend/request.js",
    "start": 1671520265486,
    "end": 1671520265486,
    "duration": 0,
    "pid": 79013,
    "index": 31
  },
  {
    "name": "Load extend/response.js",
    "start": 1671520265487,
    "end": 1671520265489,
    "duration": 2,
    "pid": 79013,
    "index": 32
  },
  {
    "name": "Require(26) node_modules/egg/app/extend/response.js",
    "start": 1671520265488,
    "end": 1671520265489,
    "duration": 1,
    "pid": 79013,
    "index": 33
  },
  {
    "name": "Load extend/context.js",
    "start": 1671520265489,
    "end": 1671520265528,
    "duration": 39,
    "pid": 79013,
    "index": 34
  },
  {
    "name": "Require(27) node_modules/egg-security/app/extend/context.js",
    "start": 1671520265490,
    "end": 1671520265493,
    "duration": 3,
    "pid": 79013,
    "index": 35
  },
  {
    "name": "Require(28) node_modules/egg-jsonp/app/extend/context.js",
    "start": 1671520265494,
    "end": 1671520265494,
    "duration": 0,
    "pid": 79013,
    "index": 36
  },
  {
    "name": "Require(29) node_modules/egg-i18n/app/extend/context.js",
    "start": 1671520265494,
    "end": 1671520265494,
    "duration": 0,
    "pid": 79013,
    "index": 37
  },
  {
    "name": "Require(30) node_modules/egg-multipart/app/extend/context.js",
    "start": 1671520265496,
    "end": 1671520265526,
    "duration": 30,
    "pid": 79013,
    "index": 38
  },
  {
    "name": "Require(31) node_modules/egg-view/app/extend/context.js",
    "start": 1671520265526,
    "end": 1671520265527,
    "duration": 1,
    "pid": 79013,
    "index": 39
  },
  {
    "name": "Require(32) node_modules/egg/app/extend/context.js",
    "start": 1671520265527,
    "end": 1671520265528,
    "duration": 1,
    "pid": 79013,
    "index": 40
  },
  {
    "name": "Load extend/helper.js",
    "start": 1671520265528,
    "end": 1671520265538,
    "duration": 10,
    "pid": 79013,
    "index": 41
  },
  {
    "name": "Require(33) node_modules/egg-security/app/extend/helper.js",
    "start": 1671520265529,
    "end": 1671520265536,
    "duration": 7,
    "pid": 79013,
    "index": 42
  },
  {
    "name": "Require(34) node_modules/egg/app/extend/helper.js",
    "start": 1671520265537,
    "end": 1671520265537,
    "duration": 0,
    "pid": 79013,
    "index": 43
  },
  {
    "name": "Load app.js",
    "start": 1671520265538,
    "end": 1671520265559,
    "duration": 21,
    "pid": 79013,
    "index": 44
  },
  {
    "name": "Require(35) node_modules/egg-session/app.js",
    "start": 1671520265539,
    "end": 1671520265539,
    "duration": 0,
    "pid": 79013,
    "index": 45
  },
  {
    "name": "Require(36) node_modules/egg-security/app.js",
    "start": 1671520265540,
    "end": 1671520265540,
    "duration": 0,
    "pid": 79013,
    "index": 46
  },
  {
    "name": "Require(37) node_modules/egg-onerror/app.js",
    "start": 1671520265541,
    "end": 1671520265545,
    "duration": 4,
    "pid": 79013,
    "index": 47
  },
  {
    "name": "Require(38) node_modules/egg-i18n/app.js",
    "start": 1671520265545,
    "end": 1671520265555,
    "duration": 10,
    "pid": 79013,
    "index": 48
  },
  {
    "name": "Require(39) node_modules/egg-watcher/app.js",
    "start": 1671520265555,
    "end": 1671520265557,
    "duration": 2,
    "pid": 79013,
    "index": 49
  },
  {
    "name": "Require(40) node_modules/egg-schedule/app.js",
    "start": 1671520265557,
    "end": 1671520265557,
    "duration": 0,
    "pid": 79013,
    "index": 50
  },
  {
    "name": "Require(41) node_modules/egg-multipart/app.js",
    "start": 1671520265557,
    "end": 1671520265558,
    "duration": 1,
    "pid": 79013,
    "index": 51
  },
  {
    "name": "Require(42) node_modules/egg-development/app.js",
    "start": 1671520265558,
    "end": 1671520265558,
    "duration": 0,
    "pid": 79013,
    "index": 52
  },
  {
    "name": "Require(43) node_modules/egg-logrotator/app.js",
    "start": 1671520265558,
    "end": 1671520265558,
    "duration": 0,
    "pid": 79013,
    "index": 53
  },
  {
    "name": "Require(44) node_modules/egg-static/app.js",
    "start": 1671520265559,
    "end": 1671520265559,
    "duration": 0,
    "pid": 79013,
    "index": 54
  },
  {
    "name": "Before Start in node_modules/egg-watcher/lib/init.js:15:14",
    "start": 1671520265567,
    "end": 1671520265824,
    "duration": 257,
    "pid": 79013,
    "index": 55
  },
  {
    "name": "Load Service",
    "start": 1671520265590,
    "end": 1671520265594,
    "duration": 4,
    "pid": 79013,
    "index": 56
  },
  {
    "name": "Load \"service\" to Context",
    "start": 1671520265590,
    "end": 1671520265594,
    "duration": 4,
    "pid": 79013,
    "index": 57
  },
  {
    "name": "Load Middleware",
    "start": 1671520265594,
    "end": 1671520265664,
    "duration": 70,
    "pid": 79013,
    "index": 58
  },
  {
    "name": "Load \"middlewares\" to Application",
    "start": 1671520265594,
    "end": 1671520265651,
    "duration": 57,
    "pid": 79013,
    "index": 59
  },
  {
    "name": "Load Controller",
    "start": 1671520265664,
    "end": 1671520265799,
    "duration": 135,
    "pid": 79013,
    "index": 60
  },
  {
    "name": "Load \"controller\" to Application",
    "start": 1671520265664,
    "end": 1671520265799,
    "duration": 135,
    "pid": 79013,
    "index": 61
  },
  {
    "name": "Load Router",
    "start": 1671520265799,
    "end": 1671520265802,
    "duration": 3,
    "pid": 79013,
    "index": 62
  },
  {
    "name": "Require(45) app/router.js",
    "start": 1671520265800,
    "end": 1671520265800,
    "duration": 0,
    "pid": 79013,
    "index": 63
  },
  {
    "name": "Before Start in node_modules/egg-core/lib/egg.js:303:10",
    "start": 1671520265800,
    "end": 1671520265816,
    "duration": 16,
    "pid": 79013,
    "index": 64
  }
]