[
  {
    "name": "Process Start",
    "start": 1671520230653,
    "end": 1671520231361,
    "duration": 708,
    "pid": 78993,
    "index": 0
  },
  {
    "name": "Application Start",
    "start": 1671520231361,
    "end": 1671520231902,
    "duration": 541,
    "pid": 78993,
    "index": 1
  },
  {
    "name": "Load Plugin",
    "start": 1671520231365,
    "end": 1671520231372,
    "duration": 7,
    "pid": 78993,
    "index": 2
  },
  {
    "name": "Load Config",
    "start": 1671520231372,
    "end": 1671520231382,
    "duration": 10,
    "pid": 78993,
    "index": 3
  },
  {
    "name": "Require(0) config/config.default.js",
    "start": 1671520231372,
    "end": 1671520231372,
    "duration": 0,
    "pid": 78993,
    "index": 4
  },
  {
    "name": "Require(1) node_modules/egg-session/config/config.default.js",
    "start": 1671520231373,
    "end": 1671520231373,
    "duration": 0,
    "pid": 78993,
    "index": 5
  },
  {
    "name": "Require(2) node_modules/egg-security/config/config.default.js",
    "start": 1671520231373,
    "end": 1671520231374,
    "duration": 1,
    "pid": 78993,
    "index": 6
  },
  {
    "name": "Require(3) node_modules/egg-jsonp/config/config.default.js",
    "start": 1671520231374,
    "end": 1671520231374,
    "duration": 0,
    "pid": 78993,
    "index": 7
  },
  {
    "name": "Require(4) node_modules/egg-onerror/config/config.default.js",
    "start": 1671520231374,
    "end": 1671520231375,
    "duration": 1,
    "pid": 78993,
    "index": 8
  },
  {
    "name": "Require(5) node_modules/egg-i18n/config/config.default.js",
    "start": 1671520231375,
    "end": 1671520231375,
    "duration": 0,
    "pid": 78993,
    "index": 9
  },
  {
    "name": "Require(6) node_modules/egg-watcher/config/config.default.js",
    "start": 1671520231375,
    "end": 1671520231376,
    "duration": 1,
    "pid": 78993,
    "index": 10
  },
  {
    "name": "Require(7) node_modules/egg-schedule/config/config.default.js",
    "start": 1671520231376,
    "end": 1671520231376,
    "duration": 0,
    "pid": 78993,
    "index": 11
  },
  {
    "name": "Require(8) node_modules/egg-multipart/config/config.default.js",
    "start": 1671520231376,
    "end": 1671520231376,
    "duration": 0,
    "pid": 78993,
    "index": 12
  },
  {
    "name": "Require(9) node_modules/egg-development/config/config.default.js",
    "start": 1671520231377,
    "end": 1671520231377,
    "duration": 0,
    "pid": 78993,
    "index": 13
  },
  {
    "name": "Require(10) node_modules/egg-logrotator/config/config.default.js",
    "start": 1671520231377,
    "end": 1671520231377,
    "duration": 0,
    "pid": 78993,
    "index": 14
  },
  {
    "name": "Require(11) node_modules/egg-static/config/config.default.js",
    "start": 1671520231377,
    "end": 1671520231378,
    "duration": 1,
    "pid": 78993,
    "index": 15
  },
  {
    "name": "Require(12) node_modules/egg-view/config/config.default.js",
    "start": 1671520231378,
    "end": 1671520231378,
    "duration": 0,
    "pid": 78993,
    "index": 16
  },
  {
    "name": "Require(13) node_modules/egg/config/config.default.js",
    "start": 1671520231378,
    "end": 1671520231379,
    "duration": 1,
    "pid": 78993,
    "index": 17
  },
  {
    "name": "Require(14) config/config.default.js",
    "start": 1671520231380,
    "end": 1671520231380,
    "duration": 0,
    "pid": 78993,
    "index": 18
  },
  {
    "name": "Require(15) node_modules/egg-security/config/config.local.js",
    "start": 1671520231380,
    "end": 1671520231380,
    "duration": 0,
    "pid": 78993,
    "index": 19
  },
  {
    "name": "Require(16) node_modules/egg-watcher/config/config.local.js",
    "start": 1671520231380,
    "end": 1671520231381,
    "duration": 1,
    "pid": 78993,
    "index": 20
  },
  {
    "name": "Require(17) node_modules/egg-view/config/config.local.js",
    "start": 1671520231381,
    "end": 1671520231381,
    "duration": 0,
    "pid": 78993,
    "index": 21
  },
  {
    "name": "Require(18) node_modules/egg/config/config.local.js",
    "start": 1671520231381,
    "end": 1671520231381,
    "duration": 0,
    "pid": 78993,
    "index": 22
  },
  {
    "name": "Load extend/application.js",
    "start": 1671520231383,
    "end": 1671520231389,
    "duration": 6,
    "pid": 78993,
    "index": 23
  },
  {
    "name": "Require(19) node_modules/egg-session/app/extend/application.js",
    "start": 1671520231383,
    "end": 1671520231384,
    "duration": 1,
    "pid": 78993,
    "index": 24
  },
  {
    "name": "Require(20) node_modules/egg-security/app/extend/application.js",
    "start": 1671520231384,
    "end": 1671520231384,
    "duration": 0,
    "pid": 78993,
    "index": 25
  },
  {
    "name": "Require(21) node_modules/egg-jsonp/app/extend/application.js",
    "start": 1671520231384,
    "end": 1671520231385,
    "duration": 1,
    "pid": 78993,
    "index": 26
  },
  {
    "name": "Require(22) node_modules/egg-schedule/app/extend/application.js",
    "start": 1671520231385,
    "end": 1671520231386,
    "duration": 1,
    "pid": 78993,
    "index": 27
  },
  {
    "name": "Require(23) node_modules/egg-logrotator/app/extend/application.js",
    "start": 1671520231386,
    "end": 1671520231387,
    "duration": 1,
    "pid": 78993,
    "index": 28
  },
  {
    "name": "Require(24) node_modules/egg-view/app/extend/application.js",
    "start": 1671520231387,
    "end": 1671520231388,
    "duration": 1,
    "pid": 78993,
    "index": 29
  },
  {
    "name": "Load extend/request.js",
    "start": 1671520231389,
    "end": 1671520231392,
    "duration": 3,
    "pid": 78993,
    "index": 30
  },
  {
    "name": "Require(25) node_modules/egg/app/extend/request.js",
    "start": 1671520231390,
    "end": 1671520231390,
    "duration": 0,
    "pid": 78993,
    "index": 31
  },
  {
    "name": "Load extend/response.js",
    "start": 1671520231392,
    "end": 1671520231394,
    "duration": 2,
    "pid": 78993,
    "index": 32
  },
  {
    "name": "Require(26) node_modules/egg/app/extend/response.js",
    "start": 1671520231393,
    "end": 1671520231393,
    "duration": 0,
    "pid": 78993,
    "index": 33
  },
  {
    "name": "Load extend/context.js",
    "start": 1671520231395,
    "end": 1671520231485,
    "duration": 90,
    "pid": 78993,
    "index": 34
  },
  {
    "name": "Require(27) node_modules/egg-security/app/extend/context.js",
    "start": 1671520231395,
    "end": 1671520231404,
    "duration": 9,
    "pid": 78993,
    "index": 35
  },
  {
    "name": "Require(28) node_modules/egg-jsonp/app/extend/context.js",
    "start": 1671520231404,
    "end": 1671520231405,
    "duration": 1,
    "pid": 78993,
    "index": 36
  },
  {
    "name": "Require(29) node_modules/egg-i18n/app/extend/context.js",
    "start": 1671520231405,
    "end": 1671520231406,
    "duration": 1,
    "pid": 78993,
    "index": 37
  },
  {
    "name": "Require(30) node_modules/egg-multipart/app/extend/context.js",
    "start": 1671520231406,
    "end": 1671520231480,
    "duration": 74,
    "pid": 78993,
    "index": 38
  },
  {
    "name": "Require(31) node_modules/egg-view/app/extend/context.js",
    "start": 1671520231480,
    "end": 1671520231481,
    "duration": 1,
    "pid": 78993,
    "index": 39
  },
  {
    "name": "Require(32) node_modules/egg/app/extend/context.js",
    "start": 1671520231481,
    "end": 1671520231484,
    "duration": 3,
    "pid": 78993,
    "index": 40
  },
  {
    "name": "Load extend/helper.js",
    "start": 1671520231485,
    "end": 1671520231498,
    "duration": 13,
    "pid": 78993,
    "index": 41
  },
  {
    "name": "Require(33) node_modules/egg-security/app/extend/helper.js",
    "start": 1671520231485,
    "end": 1671520231495,
    "duration": 10,
    "pid": 78993,
    "index": 42
  },
  {
    "name": "Require(34) node_modules/egg/app/extend/helper.js",
    "start": 1671520231496,
    "end": 1671520231497,
    "duration": 1,
    "pid": 78993,
    "index": 43
  },
  {
    "name": "Load app.js",
    "start": 1671520231498,
    "end": 1671520231525,
    "duration": 27,
    "pid": 78993,
    "index": 44
  },
  {
    "name": "Require(35) node_modules/egg-session/app.js",
    "start": 1671520231499,
    "end": 1671520231499,
    "duration": 0,
    "pid": 78993,
    "index": 45
  },
  {
    "name": "Require(36) node_modules/egg-security/app.js",
    "start": 1671520231500,
    "end": 1671520231500,
    "duration": 0,
    "pid": 78993,
    "index": 46
  },
  {
    "name": "Require(37) node_modules/egg-onerror/app.js",
    "start": 1671520231500,
    "end": 1671520231504,
    "duration": 4,
    "pid": 78993,
    "index": 47
  },
  {
    "name": "Require(38) node_modules/egg-i18n/app.js",
    "start": 1671520231504,
    "end": 1671520231521,
    "duration": 17,
    "pid": 78993,
    "index": 48
  },
  {
    "name": "Require(39) node_modules/egg-watcher/app.js",
    "start": 1671520231521,
    "end": 1671520231523,
    "duration": 2,
    "pid": 78993,
    "index": 49
  },
  {
    "name": "Require(40) node_modules/egg-schedule/app.js",
    "start": 1671520231523,
    "end": 1671520231524,
    "duration": 1,
    "pid": 78993,
    "index": 50
  },
  {
    "name": "Require(41) node_modules/egg-multipart/app.js",
    "start": 1671520231524,
    "end": 1671520231524,
    "duration": 0,
    "pid": 78993,
    "index": 51
  },
  {
    "name": "Require(42) node_modules/egg-development/app.js",
    "start": 1671520231524,
    "end": 1671520231524,
    "duration": 0,
    "pid": 78993,
    "index": 52
  },
  {
    "name": "Require(43) node_modules/egg-logrotator/app.js",
    "start": 1671520231524,
    "end": 1671520231525,
    "duration": 1,
    "pid": 78993,
    "index": 53
  },
  {
    "name": "Require(44) node_modules/egg-static/app.js",
    "start": 1671520231525,
    "end": 1671520231525,
    "duration": 0,
    "pid": 78993,
    "index": 54
  },
  {
    "name": "Before Start in node_modules/egg-watcher/lib/init.js:15:14",
    "start": 1671520231561,
    "end": 1671520231901,
    "duration": 340,
    "pid": 78993,
    "index": 55
  },
  {
    "name": "Load Service",
    "start": 1671520231607,
    "end": 1671520231611,
    "duration": 4,
    "pid": 78993,
    "index": 56
  },
  {
    "name": "Load \"service\" to Context",
    "start": 1671520231607,
    "end": 1671520231611,
    "duration": 4,
    "pid": 78993,
    "index": 57
  },
  {
    "name": "Load Middleware",
    "start": 1671520231611,
    "end": 1671520231714,
    "duration": 103,
    "pid": 78993,
    "index": 58
  },
  {
    "name": "Load \"middlewares\" to Application",
    "start": 1671520231612,
    "end": 1671520231700,
    "duration": 88,
    "pid": 78993,
    "index": 59
  },
  {
    "name": "Load Controller",
    "start": 1671520231714,
    "end": 1671520231883,
    "duration": 169,
    "pid": 78993,
    "index": 60
  },
  {
    "name": "Load \"controller\" to Application",
    "start": 1671520231714,
    "end": 1671520231883,
    "duration": 169,
    "pid": 78993,
    "index": 61
  },
  {
    "name": "Load Router",
    "start": 1671520231883,
    "end": 1671520231885,
    "duration": 2,
    "pid": 78993,
    "index": 62
  },
  {
    "name": "Require(45) app/router.js",
    "start": 1671520231883,
    "end": 1671520231883,
    "duration": 0,
    "pid": 78993,
    "index": 63
  },
  {
    "name": "Before Start in node_modules/egg-core/lib/egg.js:303:10",
    "start": 1671520231883,
    "end": 1671520231892,
    "duration": 9,
    "pid": 78993,
    "index": 64
  }
]