[
  {
    "name": "Process Start",
    "start": 1671520220387,
    "end": 1671520222421,
    "duration": 2034,
    "pid": 78984,
    "index": 0
  },
  {
    "name": "Application Start",
    "start": 1671520222423,
    "end": 1671520223553,
    "duration": 1130,
    "pid": 78984,
    "index": 1
  },
  {
    "name": "Load Plugin",
    "start": 1671520222427,
    "end": 1671520222441,
    "duration": 14,
    "pid": 78984,
    "index": 2
  },
  {
    "name": "Load Config",
    "start": 1671520222441,
    "end": 1671520222461,
    "duration": 20,
    "pid": 78984,
    "index": 3
  },
  {
    "name": "Require(0) config/config.default.js",
    "start": 1671520222442,
    "end": 1671520222443,
    "duration": 1,
    "pid": 78984,
    "index": 4
  },
  {
    "name": "Require(1) node_modules/egg-session/config/config.default.js",
    "start": 1671520222443,
    "end": 1671520222444,
    "duration": 1,
    "pid": 78984,
    "index": 5
  },
  {
    "name": "Require(2) node_modules/egg-security/config/config.default.js",
    "start": 1671520222444,
    "end": 1671520222445,
    "duration": 1,
    "pid": 78984,
    "index": 6
  },
  {
    "name": "Require(3) node_modules/egg-jsonp/config/config.default.js",
    "start": 1671520222445,
    "end": 1671520222446,
    "duration": 1,
    "pid": 78984,
    "index": 7
  },
  {
    "name": "Require(4) node_modules/egg-onerror/config/config.default.js",
    "start": 1671520222446,
    "end": 1671520222447,
    "duration": 1,
    "pid": 78984,
    "index": 8
  },
  {
    "name": "Require(5) node_modules/egg-i18n/config/config.default.js",
    "start": 1671520222447,
    "end": 1671520222447,
    "duration": 0,
    "pid": 78984,
    "index": 9
  },
  {
    "name": "Require(6) node_modules/egg-watcher/config/config.default.js",
    "start": 1671520222448,
    "end": 1671520222448,
    "duration": 0,
    "pid": 78984,
    "index": 10
  },
  {
    "name": "Require(7) node_modules/egg-schedule/config/config.default.js",
    "start": 1671520222448,
    "end": 1671520222449,
    "duration": 1,
    "pid": 78984,
    "index": 11
  },
  {
    "name": "Require(8) node_modules/egg-multipart/config/config.default.js",
    "start": 1671520222449,
    "end": 1671520222450,
    "duration": 1,
    "pid": 78984,
    "index": 12
  },
  {
    "name": "Require(9) node_modules/egg-development/config/config.default.js",
    "start": 1671520222450,
    "end": 1671520222452,
    "duration": 2,
    "pid": 78984,
    "index": 13
  },
  {
    "name": "Require(10) node_modules/egg-logrotator/config/config.default.js",
    "start": 1671520222453,
    "end": 1671520222453,
    "duration": 0,
    "pid": 78984,
    "index": 14
  },
  {
    "name": "Require(11) node_modules/egg-static/config/config.default.js",
    "start": 1671520222453,
    "end": 1671520222454,
    "duration": 1,
    "pid": 78984,
    "index": 15
  },
  {
    "name": "Require(12) node_modules/egg-view/config/config.default.js",
    "start": 1671520222454,
    "end": 1671520222455,
    "duration": 1,
    "pid": 78984,
    "index": 16
  },
  {
    "name": "Require(13) node_modules/egg/config/config.default.js",
    "start": 1671520222455,
    "end": 1671520222456,
    "duration": 1,
    "pid": 78984,
    "index": 17
  },
  {
    "name": "Require(14) config/config.default.js",
    "start": 1671520222457,
    "end": 1671520222457,
    "duration": 0,
    "pid": 78984,
    "index": 18
  },
  {
    "name": "Require(15) node_modules/egg-security/config/config.local.js",
    "start": 1671520222457,
    "end": 1671520222458,
    "duration": 1,
    "pid": 78984,
    "index": 19
  },
  {
    "name": "Require(16) node_modules/egg-watcher/config/config.local.js",
    "start": 1671520222458,
    "end": 1671520222459,
    "duration": 1,
    "pid": 78984,
    "index": 20
  },
  {
    "name": "Require(17) node_modules/egg-view/config/config.local.js",
    "start": 1671520222459,
    "end": 1671520222460,
    "duration": 1,
    "pid": 78984,
    "index": 21
  },
  {
    "name": "Require(18) node_modules/egg/config/config.local.js",
    "start": 1671520222460,
    "end": 1671520222461,
    "duration": 1,
    "pid": 78984,
    "index": 22
  },
  {
    "name": "Load extend/application.js",
    "start": 1671520222462,
    "end": 1671520222476,
    "duration": 14,
    "pid": 78984,
    "index": 23
  },
  {
    "name": "Require(19) node_modules/egg-session/app/extend/application.js",
    "start": 1671520222462,
    "end": 1671520222463,
    "duration": 1,
    "pid": 78984,
    "index": 24
  },
  {
    "name": "Require(20) node_modules/egg-security/app/extend/application.js",
    "start": 1671520222463,
    "end": 1671520222465,
    "duration": 2,
    "pid": 78984,
    "index": 25
  },
  {
    "name": "Require(21) node_modules/egg-jsonp/app/extend/application.js",
    "start": 1671520222465,
    "end": 1671520222467,
    "duration": 2,
    "pid": 78984,
    "index": 26
  },
  {
    "name": "Require(22) node_modules/egg-schedule/app/extend/application.js",
    "start": 1671520222468,
    "end": 1671520222471,
    "duration": 3,
    "pid": 78984,
    "index": 27
  },
  {
    "name": "Require(23) node_modules/egg-logrotator/app/extend/application.js",
    "start": 1671520222472,
    "end": 1671520222473,
    "duration": 1,
    "pid": 78984,
    "index": 28
  },
  {
    "name": "Require(24) node_modules/egg-view/app/extend/application.js",
    "start": 1671520222473,
    "end": 1671520222475,
    "duration": 2,
    "pid": 78984,
    "index": 29
  },
  {
    "name": "Load extend/request.js",
    "start": 1671520222476,
    "end": 1671520222478,
    "duration": 2,
    "pid": 78984,
    "index": 30
  },
  {
    "name": "Require(25) node_modules/egg/app/extend/request.js",
    "start": 1671520222476,
    "end": 1671520222477,
    "duration": 1,
    "pid": 78984,
    "index": 31
  },
  {
    "name": "Load extend/response.js",
    "start": 1671520222478,
    "end": 1671520222481,
    "duration": 3,
    "pid": 78984,
    "index": 32
  },
  {
    "name": "Require(26) node_modules/egg/app/extend/response.js",
    "start": 1671520222479,
    "end": 1671520222481,
    "duration": 2,
    "pid": 78984,
    "index": 33
  },
  {
    "name": "Load extend/context.js",
    "start": 1671520222481,
    "end": 1671520222567,
    "duration": 86,
    "pid": 78984,
    "index": 34
  },
  {
    "name": "Require(27) node_modules/egg-security/app/extend/context.js",
    "start": 1671520222482,
    "end": 1671520222493,
    "duration": 11,
    "pid": 78984,
    "index": 35
  },
  {
    "name": "Require(28) node_modules/egg-jsonp/app/extend/context.js",
    "start": 1671520222494,
    "end": 1671520222495,
    "duration": 1,
    "pid": 78984,
    "index": 36
  },
  {
    "name": "Require(29) node_modules/egg-i18n/app/extend/context.js",
    "start": 1671520222496,
    "end": 1671520222497,
    "duration": 1,
    "pid": 78984,
    "index": 37
  },
  {
    "name": "Require(30) node_modules/egg-multipart/app/extend/context.js",
    "start": 1671520222497,
    "end": 1671520222563,
    "duration": 66,
    "pid": 78984,
    "index": 38
  },
  {
    "name": "Require(31) node_modules/egg-view/app/extend/context.js",
    "start": 1671520222563,
    "end": 1671520222565,
    "duration": 2,
    "pid": 78984,
    "index": 39
  },
  {
    "name": "Require(32) node_modules/egg/app/extend/context.js",
    "start": 1671520222565,
    "end": 1671520222566,
    "duration": 1,
    "pid": 78984,
    "index": 40
  },
  {
    "name": "Load extend/helper.js",
    "start": 1671520222568,
    "end": 1671520222597,
    "duration": 29,
    "pid": 78984,
    "index": 41
  },
  {
    "name": "Require(33) node_modules/egg-security/app/extend/helper.js",
    "start": 1671520222568,
    "end": 1671520222594,
    "duration": 26,
    "pid": 78984,
    "index": 42
  },
  {
    "name": "Require(34) node_modules/egg/app/extend/helper.js",
    "start": 1671520222595,
    "end": 1671520222596,
    "duration": 1,
    "pid": 78984,
    "index": 43
  },
  {
    "name": "Load app.js",
    "start": 1671520222597,
    "end": 1671520222660,
    "duration": 63,
    "pid": 78984,
    "index": 44
  },
  {
    "name": "Require(35) node_modules/egg-session/app.js",
    "start": 1671520222598,
    "end": 1671520222598,
    "duration": 0,
    "pid": 78984,
    "index": 45
  },
  {
    "name": "Require(36) node_modules/egg-security/app.js",
    "start": 1671520222599,
    "end": 1671520222600,
    "duration": 1,
    "pid": 78984,
    "index": 46
  },
  {
    "name": "Require(37) node_modules/egg-onerror/app.js",
    "start": 1671520222600,
    "end": 1671520222621,
    "duration": 21,
    "pid": 78984,
    "index": 47
  },
  {
    "name": "Require(38) node_modules/egg-i18n/app.js",
    "start": 1671520222622,
    "end": 1671520222640,
    "duration": 18,
    "pid": 78984,
    "index": 48
  },
  {
    "name": "Require(39) node_modules/egg-watcher/app.js",
    "start": 1671520222644,
    "end": 1671520222648,
    "duration": 4,
    "pid": 78984,
    "index": 49
  },
  {
    "name": "Require(40) node_modules/egg-schedule/app.js",
    "start": 1671520222648,
    "end": 1671520222649,
    "duration": 1,
    "pid": 78984,
    "index": 50
  },
  {
    "name": "Require(41) node_modules/egg-multipart/app.js",
    "start": 1671520222649,
    "end": 1671520222654,
    "duration": 5,
    "pid": 78984,
    "index": 51
  },
  {
    "name": "Require(42) node_modules/egg-development/app.js",
    "start": 1671520222654,
    "end": 1671520222654,
    "duration": 0,
    "pid": 78984,
    "index": 52
  },
  {
    "name": "Require(43) node_modules/egg-logrotator/app.js",
    "start": 1671520222654,
    "end": 1671520222655,
    "duration": 1,
    "pid": 78984,
    "index": 53
  },
  {
    "name": "Require(44) node_modules/egg-static/app.js",
    "start": 1671520222655,
    "end": 1671520222657,
    "duration": 2,
    "pid": 78984,
    "index": 54
  },
  {
    "name": "Before Start in node_modules/egg-watcher/lib/init.js:15:14",
    "start": 1671520222671,
    "end": 1671520223539,
    "duration": 868,
    "pid": 78984,
    "index": 55
  },
  {
    "name": "Load Service",
    "start": 1671520222719,
    "end": 1671520222725,
    "duration": 6,
    "pid": 78984,
    "index": 56
  },
  {
    "name": "Load \"service\" to Context",
    "start": 1671520222719,
    "end": 1671520222725,
    "duration": 6,
    "pid": 78984,
    "index": 57
  },
  {
    "name": "Load Middleware",
    "start": 1671520222725,
    "end": 1671520222930,
    "duration": 205,
    "pid": 78984,
    "index": 58
  },
  {
    "name": "Load \"middlewares\" to Application",
    "start": 1671520222725,
    "end": 1671520222910,
    "duration": 185,
    "pid": 78984,
    "index": 59
  },
  {
    "name": "Load Controller",
    "start": 1671520222931,
    "end": 1671520223508,
    "duration": 577,
    "pid": 78984,
    "index": 60
  },
  {
    "name": "Load \"controller\" to Application",
    "start": 1671520222931,
    "end": 1671520223508,
    "duration": 577,
    "pid": 78984,
    "index": 61
  },
  {
    "name": "Load Router",
    "start": 1671520223508,
    "end": 1671520223511,
    "duration": 3,
    "pid": 78984,
    "index": 62
  },
  {
    "name": "Require(45) app/router.js",
    "start": 1671520223508,
    "end": 1671520223508,
    "duration": 0,
    "pid": 78984,
    "index": 63
  },
  {
    "name": "Before Start in node_modules/egg-core/lib/egg.js:303:10",
    "start": 1671520223509,
    "end": 1671520223518,
    "duration": 9,
    "pid": 78984,
    "index": 64
  }
]