[
  {
    "name": "Process Start",
    "start": 1671520265860,
    "end": 1671520267154,
    "duration": 1294,
    "pid": 79014,
    "index": 0
  },
  {
    "name": "Application Start",
    "start": 1671520267155,
    "end": 1671520267537,
    "duration": 382,
    "pid": 79014,
    "index": 1
  },
  {
    "name": "Load Plugin",
    "start": 1671520267158,
    "end": 1671520267165,
    "duration": 7,
    "pid": 79014,
    "index": 2
  },
  {
    "name": "Load Config",
    "start": 1671520267165,
    "end": 1671520267179,
    "duration": 14,
    "pid": 79014,
    "index": 3
  },
  {
    "name": "Require(0) config/config.default.js",
    "start": 1671520267166,
    "end": 1671520267169,
    "duration": 3,
    "pid": 79014,
    "index": 4
  },
  {
    "name": "Require(1) node_modules/egg-session/config/config.default.js",
    "start": 1671520267169,
    "end": 1671520267170,
    "duration": 1,
    "pid": 79014,
    "index": 5
  },
  {
    "name": "Require(2) node_modules/egg-security/config/config.default.js",
    "start": 1671520267170,
    "end": 1671520267170,
    "duration": 0,
    "pid": 79014,
    "index": 6
  },
  {
    "name": "Require(3) node_modules/egg-jsonp/config/config.default.js",
    "start": 1671520267171,
    "end": 1671520267171,
    "duration": 0,
    "pid": 79014,
    "index": 7
  },
  {
    "name": "Require(4) node_modules/egg-onerror/config/config.default.js",
    "start": 1671520267171,
    "end": 1671520267171,
    "duration": 0,
    "pid": 79014,
    "index": 8
  },
  {
    "name": "Require(5) node_modules/egg-i18n/config/config.default.js",
    "start": 1671520267172,
    "end": 1671520267172,
    "duration": 0,
    "pid": 79014,
    "index": 9
  },
  {
    "name": "Require(6) node_modules/egg-watcher/config/config.default.js",
    "start": 1671520267172,
    "end": 1671520267172,
    "duration": 0,
    "pid": 79014,
    "index": 10
  },
  {
    "name": "Require(7) node_modules/egg-schedule/config/config.default.js",
    "start": 1671520267173,
    "end": 1671520267173,
    "duration": 0,
    "pid": 79014,
    "index": 11
  },
  {
    "name": "Require(8) node_modules/egg-multipart/config/config.default.js",
    "start": 1671520267173,
    "end": 1671520267173,
    "duration": 0,
    "pid": 79014,
    "index": 12
  },
  {
    "name": "Require(9) node_modules/egg-development/config/config.default.js",
    "start": 1671520267174,
    "end": 1671520267174,
    "duration": 0,
    "pid": 79014,
    "index": 13
  },
  {
    "name": "Require(10) node_modules/egg-logrotator/config/config.default.js",
    "start": 1671520267174,
    "end": 1671520267174,
    "duration": 0,
    "pid": 79014,
    "index": 14
  },
  {
    "name": "Require(11) node_modules/egg-static/config/config.default.js",
    "start": 1671520267175,
    "end": 1671520267175,
    "duration": 0,
    "pid": 79014,
    "index": 15
  },
  {
    "name": "Require(12) node_modules/egg-view/config/config.default.js",
    "start": 1671520267175,
    "end": 1671520267175,
    "duration": 0,
    "pid": 79014,
    "index": 16
  },
  {
    "name": "Require(13) node_modules/egg/config/config.default.js",
    "start": 1671520267176,
    "end": 1671520267176,
    "duration": 0,
    "pid": 79014,
    "index": 17
  },
  {
    "name": "Require(14) config/config.default.js",
    "start": 1671520267177,
    "end": 1671520267177,
    "duration": 0,
    "pid": 79014,
    "index": 18
  },
  {
    "name": "Require(15) node_modules/egg-security/config/config.local.js",
    "start": 1671520267177,
    "end": 1671520267178,
    "duration": 1,
    "pid": 79014,
    "index": 19
  },
  {
    "name": "Require(16) node_modules/egg-watcher/config/config.local.js",
    "start": 1671520267178,
    "end": 1671520267178,
    "duration": 0,
    "pid": 79014,
    "index": 20
  },
  {
    "name": "Require(17) node_modules/egg-view/config/config.local.js",
    "start": 1671520267178,
    "end": 1671520267179,
    "duration": 1,
    "pid": 79014,
    "index": 21
  },
  {
    "name": "Require(18) node_modules/egg/config/config.local.js",
    "start": 1671520267179,
    "end": 1671520267179,
    "duration": 0,
    "pid": 79014,
    "index": 22
  },
  {
    "name": "Load extend/application.js",
    "start": 1671520267180,
    "end": 1671520267187,
    "duration": 7,
    "pid": 79014,
    "index": 23
  },
  {
    "name": "Require(19) node_modules/egg-session/app/extend/application.js",
    "start": 1671520267180,
    "end": 1671520267180,
    "duration": 0,
    "pid": 79014,
    "index": 24
  },
  {
    "name": "Require(20) node_modules/egg-security/app/extend/application.js",
    "start": 1671520267181,
    "end": 1671520267181,
    "duration": 0,
    "pid": 79014,
    "index": 25
  },
  {
    "name": "Require(21) node_modules/egg-jsonp/app/extend/application.js",
    "start": 1671520267181,
    "end": 1671520267182,
    "duration": 1,
    "pid": 79014,
    "index": 26
  },
  {
    "name": "Require(22) node_modules/egg-schedule/app/extend/application.js",
    "start": 1671520267182,
    "end": 1671520267184,
    "duration": 2,
    "pid": 79014,
    "index": 27
  },
  {
    "name": "Require(23) node_modules/egg-logrotator/app/extend/application.js",
    "start": 1671520267184,
    "end": 1671520267185,
    "duration": 1,
    "pid": 79014,
    "index": 28
  },
  {
    "name": "Require(24) node_modules/egg-view/app/extend/application.js",
    "start": 1671520267185,
    "end": 1671520267186,
    "duration": 1,
    "pid": 79014,
    "index": 29
  },
  {
    "name": "Load extend/request.js",
    "start": 1671520267187,
    "end": 1671520267189,
    "duration": 2,
    "pid": 79014,
    "index": 30
  },
  {
    "name": "Require(25) node_modules/egg/app/extend/request.js",
    "start": 1671520267187,
    "end": 1671520267188,
    "duration": 1,
    "pid": 79014,
    "index": 31
  },
  {
    "name": "Load extend/response.js",
    "start": 1671520267189,
    "end": 1671520267191,
    "duration": 2,
    "pid": 79014,
    "index": 32
  },
  {
    "name": "Require(26) node_modules/egg/app/extend/response.js",
    "start": 1671520267190,
    "end": 1671520267190,
    "duration": 0,
    "pid": 79014,
    "index": 33
  },
  {
    "name": "Load extend/context.js",
    "start": 1671520267191,
    "end": 1671520267232,
    "duration": 41,
    "pid": 79014,
    "index": 34
  },
  {
    "name": "Require(27) node_modules/egg-security/app/extend/context.js",
    "start": 1671520267191,
    "end": 1671520267195,
    "duration": 4,
    "pid": 79014,
    "index": 35
  },
  {
    "name": "Require(28) node_modules/egg-jsonp/app/extend/context.js",
    "start": 1671520267195,
    "end": 1671520267195,
    "duration": 0,
    "pid": 79014,
    "index": 36
  },
  {
    "name": "Require(29) node_modules/egg-i18n/app/extend/context.js",
    "start": 1671520267196,
    "end": 1671520267196,
    "duration": 0,
    "pid": 79014,
    "index": 37
  },
  {
    "name": "Require(30) node_modules/egg-multipart/app/extend/context.js",
    "start": 1671520267196,
    "end": 1671520267230,
    "duration": 34,
    "pid": 79014,
    "index": 38
  },
  {
    "name": "Require(31) node_modules/egg-view/app/extend/context.js",
    "start": 1671520267230,
    "end": 1671520267231,
    "duration": 1,
    "pid": 79014,
    "index": 39
  },
  {
    "name": "Require(32) node_modules/egg/app/extend/context.js",
    "start": 1671520267231,
    "end": 1671520267231,
    "duration": 0,
    "pid": 79014,
    "index": 40
  },
  {
    "name": "Load extend/helper.js",
    "start": 1671520267232,
    "end": 1671520267245,
    "duration": 13,
    "pid": 79014,
    "index": 41
  },
  {
    "name": "Require(33) node_modules/egg-security/app/extend/helper.js",
    "start": 1671520267232,
    "end": 1671520267243,
    "duration": 11,
    "pid": 79014,
    "index": 42
  },
  {
    "name": "Require(34) node_modules/egg/app/extend/helper.js",
    "start": 1671520267244,
    "end": 1671520267244,
    "duration": 0,
    "pid": 79014,
    "index": 43
  },
  {
    "name": "Load app.js",
    "start": 1671520267245,
    "end": 1671520267265,
    "duration": 20,
    "pid": 79014,
    "index": 44
  },
  {
    "name": "Require(35) node_modules/egg-session/app.js",
    "start": 1671520267247,
    "end": 1671520267247,
    "duration": 0,
    "pid": 79014,
    "index": 45
  },
  {
    "name": "Require(36) node_modules/egg-security/app.js",
    "start": 1671520267247,
    "end": 1671520267248,
    "duration": 1,
    "pid": 79014,
    "index": 46
  },
  {
    "name": "Require(37) node_modules/egg-onerror/app.js",
    "start": 1671520267248,
    "end": 1671520267254,
    "duration": 6,
    "pid": 79014,
    "index": 47
  },
  {
    "name": "Require(38) node_modules/egg-i18n/app.js",
    "start": 1671520267254,
    "end": 1671520267261,
    "duration": 7,
    "pid": 79014,
    "index": 48
  },
  {
    "name": "Require(39) node_modules/egg-watcher/app.js",
    "start": 1671520267261,
    "end": 1671520267263,
    "duration": 2,
    "pid": 79014,
    "index": 49
  },
  {
    "name": "Require(40) node_modules/egg-schedule/app.js",
    "start": 1671520267263,
    "end": 1671520267263,
    "duration": 0,
    "pid": 79014,
    "index": 50
  },
  {
    "name": "Require(41) node_modules/egg-multipart/app.js",
    "start": 1671520267263,
    "end": 1671520267264,
    "duration": 1,
    "pid": 79014,
    "index": 51
  },
  {
    "name": "Require(42) node_modules/egg-development/app.js",
    "start": 1671520267264,
    "end": 1671520267264,
    "duration": 0,
    "pid": 79014,
    "index": 52
  },
  {
    "name": "Require(43) node_modules/egg-logrotator/app.js",
    "start": 1671520267264,
    "end": 1671520267264,
    "duration": 0,
    "pid": 79014,
    "index": 53
  },
  {
    "name": "Require(44) node_modules/egg-static/app.js",
    "start": 1671520267264,
    "end": 1671520267264,
    "duration": 0,
    "pid": 79014,
    "index": 54
  },
  {
    "name": "Before Start in node_modules/egg-watcher/lib/init.js:15:14",
    "start": 1671520267272,
    "end": 1671520267537,
    "duration": 265,
    "pid": 79014,
    "index": 55
  },
  {
    "name": "Load Service",
    "start": 1671520267292,
    "end": 1671520267295,
    "duration": 3,
    "pid": 79014,
    "index": 56
  },
  {
    "name": "Load \"service\" to Context",
    "start": 1671520267292,
    "end": 1671520267295,
    "duration": 3,
    "pid": 79014,
    "index": 57
  },
  {
    "name": "Load Middleware",
    "start": 1671520267295,
    "end": 1671520267365,
    "duration": 70,
    "pid": 79014,
    "index": 58
  },
  {
    "name": "Load \"middlewares\" to Application",
    "start": 1671520267296,
    "end": 1671520267353,
    "duration": 57,
    "pid": 79014,
    "index": 59
  },
  {
    "name": "Load Controller",
    "start": 1671520267365,
    "end": 1671520267518,
    "duration": 153,
    "pid": 79014,
    "index": 60
  },
  {
    "name": "Load \"controller\" to Application",
    "start": 1671520267365,
    "end": 1671520267518,
    "duration": 153,
    "pid": 79014,
    "index": 61
  },
  {
    "name": "Load Router",
    "start": 1671520267518,
    "end": 1671520267520,
    "duration": 2,
    "pid": 79014,
    "index": 62
  },
  {
    "name": "Require(45) app/router.js",
    "start": 1671520267519,
    "end": 1671520267519,
    "duration": 0,
    "pid": 79014,
    "index": 63
  },
  {
    "name": "Before Start in node_modules/egg-core/lib/egg.js:303:10",
    "start": 1671520267519,
    "end": 1671520267527,
    "duration": 8,
    "pid": 79014,
    "index": 64
  }
]